batch_id,test,map50,map50_95,precision,recall,matched_classes,AP_per_class,std_recall,std_precision,std_dev_50,std_dev_95,image_count,p_stat_map50,p_stat_recall,p_stat_precision
424020054,0,0.4423498161994276,0.355638497544832,0.782765869759819,0.4707317073170731,"[0, 1, 2, 3, 5, 6, 7, 8]","[[0.5959678134383903, 0.5653947028338943, 0.5653947028338943, 0.5653947028338943, 0.5653947028338943, 0.5653947028338943, 0.5653947028338943, 0.5294554618771292, 0.454524707991026, 0.09913100932178451], [0.7228253677194554, 0.7228253677194554, 0.7228253677194554, 0.7228253677194554, 0.6986824333676624, 0.6986824333676624, 0.6986824333676624, 0.676493521522425, 0.5168687298212651, 0.042172695530422605], [0.4484102256379484, 0.4012900115128605, 0.4012900115128605, 0.33299162030425256, 0.2979418719494739, 0.2979418719494739, 0.2979418719494739, 0.2979418719494739, 0.16085392853010794, 0.03165728337539636], [0.34332348262176715, 0.34332348262176715, 0.3113261932204856, 0.28244648382097426, 0.2399120960900227, 0.2212045188035287, 0.18384008181037884, 0.18384008181037884, 0.1510662384919811, 0.03465346534653465], [0.17687411598302688, 0.17687411598302688, 0.17687411598302688, 0.17687411598302688, 0.17687411598302688, 0.17687411598302688, 0.14752475247524754, 0.14752475247524754, 0.1306930693069307, 0.0165016501650165], [0.31683168316831684, 0.31683168316831684, 0.2927570698246295, 0.2927570698246295, 0.2834061347311202, 0.2834061347311202, 0.2834061347311202, 0.242710153368278, 0.20191662023345192, 0.0702970297029703], [0.5338842154892182, 0.5338842154892182, 0.5338842154892182, 0.5338842154892182, 0.490691408643467, 0.490691408643467, 0.490691408643467, 0.490691408643467, 0.3555124005749331, 0.0], [0.4006816255372978, 0.4006816255372978, 0.4006816255372978, 0.4006816255372978, 0.4006816255372978, 0.4006816255372978, 0.39087872365589255, 0.33547880434633126, 0.20031373664978633, 0.02116763400477979]]",0.3863728556974045,0.3970115137060721,0.3868437797986516,0.3375396816491028,201,1.0,1.0,1.0
424020130,1,0.4530057701043482,0.3644926026604539,0.7295001605165455,0.492063492063492,"[0, 1, 2, 3, 5, 6, 7, 8]","[[0.45325146423833773, 0.45325146423833773, 0.45325146423833773, 0.45325146423833773, 0.45325146423833773, 0.45325146423833773, 0.43259116543118026, 0.37724302258504644, 0.3383558646977094, 0.12137417038407138], [0.7321980293692398, 0.7321980293692398, 0.7321980293692398, 0.7321980293692398, 0.6776740971096533, 0.6776740971096533, 0.6776740971096533, 0.5792860439467329, 0.4873717716995865, 0.14434520342790583], [0.38379032875693003, 0.38379032875693003, 0.29870542099111164, 0.2470974779502705, 0.2256317283908714, 0.2256317283908714, 0.2256317283908714, 0.2103603679214911, 0.027214330128665042, 0.0], [0.4281019607401501, 0.4281019607401501, 0.4281019607401501, 0.4281019607401501, 0.37339380410483225, 0.3426813177132304, 0.27485766158343117, 0.24005819254023708, 0.1990039245204979, 0.08914820053433914], [0.12808423699512808, 0.12808423699512808, 0.12808423699512808, 0.12808423699512808, 0.12808423699512808, 0.12808423699512808, 0.12808423699512808, 0.12808423699512808, 0.10655351249410655, 0.013201320132013201], [0.4519752351174967, 0.4519752351174967, 0.4519752351174967, 0.43311620635747783, 0.43311620635747783, 0.43311620635747783, 0.40071115470680196, 0.3432379562931627, 0.29441131827944816, 0.023296447291788], [0.6146063781663665, 0.6141603876213662, 0.6141603876213662, 0.6141603876213662, 0.6141603876213662, 0.5981047280013501, 0.5981047280013501, 0.4998565086467026, 0.2779024023927926, 0.046503292863222974], [0.43203852745113674, 0.43203852745113674, 0.43203852745113674, 0.43203852745113674, 0.43203852745113674, 0.43203852745113674, 0.43203852745113674, 0.365455239835509, 0.15900531229593548, 0.036303630363036306]]",0.3855962117345001,0.3921380432609737,0.3845049016150204,0.3371857670936658,201,0.7819364787061873,0.5798619533394843,0.17672502855630073
424020734,2,0.4233191752077064,0.3246543796641862,0.7737927426869196,0.4602409638554217,"[0, 1, 2, 3, 5, 6, 7, 8]","[[0.41116904359351203, 0.41116904359351203, 0.41116904359351203, 0.3815644548355348, 0.3815644548355348, 0.3815644548355348, 0.3454846156992326, 0.30976837519385586, 0.21982992684424885, 0.0028288543140028285], [0.7107547768635593, 0.7107547768635593, 0.7107547768635593, 0.7107547768635593, 0.7107547768635593, 0.7107547768635593, 0.7107547768635593, 0.7107547768635593, 0.47722283852061803, 0.22151858042947153], [0.34439333235198116, 0.32251893903029605, 0.23113391332669145, 0.20350086721665056, 0.18510291397594836, 0.18510291397594836, 0.16413611141333914, 0.13329887933848328, 0.07136963696369639, 0.0016501650165016502], [0.45287463769746217, 0.45287463769746217, 0.3828942379605289, 0.34582955700642415, 0.31479275860028166, 0.2017458726347094, 0.17165739329506824, 0.11880561875967226, 0.09234232511188353, 0.043980485005022246], [0.1683168316831683, 0.1683168316831683, 0.1683168316831683, 0.1683168316831683, 0.1683168316831683, 0.1683168316831683, 0.1683168316831683, 0.1683168316831683, 0.1683168316831683, 0.019801980198019802], [0.4653465346534654, 0.4437835087856612, 0.4437835087856612, 0.4437835087856612, 0.4437835087856612, 0.4437835087856612, 0.422220482917857, 0.38165258173414596, 0.2507443565887595, 0.06435643564356436], [0.48697812365670556, 0.48697812365670556, 0.48697812365670556, 0.4590873687993697, 0.4590873687993697, 0.4590873687993697, 0.4590873687993697, 0.4075628633205313, 0.14170354823500783, 0.04953993095162051], [0.34672012116179807, 0.34672012116179807, 0.34672012116179807, 0.34672012116179807, 0.31881640257173804, 0.31881640257173804, 0.2995622607722197, 0.2820774112419705, 0.06651383201363277, 0.004804892253931275]]",0.3753334861969366,0.3859769110782575,0.3739465667452064,0.3255744228614485,201,0.6163210516203226,0.7826042354350836,0.8184023037628391
424020812,3,0.4448932490492473,0.3593456869949008,0.7608124658089314,0.4963144963144963,"[0, 1, 2, 3, 5, 6, 7, 8]","[[0.43075540558422754, 0.43075540558422754, 0.43075540558422754, 0.43075540558422754, 0.43075540558422754, 0.41865690152986024, 0.4016885919201596, 0.4016885919201596, 0.34553559601677264, 0.11298984741305716], [0.6666420957766044, 0.6666420957766044, 0.6666420957766044, 0.6666420957766044, 0.638881589963692, 0.6086269996246658, 0.6086269996246658, 0.5930795832253037, 0.41993895988402613, 0.14429916696902018], [0.45104238714817413, 0.45104238714817413, 0.3714781305538472, 0.2937462661810947, 0.2790544744212735, 0.2790544744212735, 0.2610983453157686, 0.1730649422408304, 0.0879576160589556, 0.0], [0.40826176336462494, 0.40826176336462494, 0.40826176336462494, 0.36647069917342023, 0.3092052614579066, 0.2606858169911844, 0.23792131623033136, 0.23792131623033136, 0.2055475761572687, 0.08062537022933063], [0.22088736346162088, 0.2039142375776039, 0.2039142375776039, 0.2039142375776039, 0.2039142375776039, 0.2039142375776039, 0.2039142375776039, 0.2039142375776039, 0.13861386138613863, 0.010396039603960397], [0.36633663366336633, 0.36633663366336633, 0.36633663366336633, 0.36633663366336633, 0.36633663366336633, 0.36633663366336633, 0.36633663366336633, 0.3465346534653465, 0.28762962592316116, 0.10753575357535754], [0.5163327014338637, 0.5163327014338637, 0.5163327014338637, 0.5163327014338637, 0.5163327014338637, 0.5163327014338637, 0.5163327014338637, 0.4136401685286242, 0.19973213352363034, 0.006747341400806748], [0.4988876419614969, 0.4988876419614969, 0.4988876419614969, 0.4988876419614969, 0.4988876419614969, 0.4988876419614969, 0.4988876419614969, 0.4777336609867339, 0.34833988373944846, 0.006506062370942977]]",0.3761258375412228,0.3839213757667232,0.3768464310162233,0.329095568620871,201,0.9467984734406986,0.50156481602959,0.5733693906945839
424020851,4,0.423124240227908,0.3462411623226605,0.7137706292854311,0.4825,"[0, 1, 2, 3, 5, 6, 7, 8]","[[0.6453386086991082, 0.6453386086991082, 0.6453386086991082, 0.6453386086991082, 0.6197178944358441, 0.6197178944358441, 0.6197178944358441, 0.601300561251392, 0.4312853997963873, 0.029591177741255907], [0.430530227868278, 0.430530227868278, 0.430530227868278, 0.4283076262977761, 0.3538844624651569, 0.3538844624651569, 0.34092677711845853, 0.2695032475058304, 0.23191346607188193, 0.06074178846456075], [0.4974019660508725, 0.4974019660508725, 0.4823797741765127, 0.4592774639454896, 0.4402820699005906, 0.4402820699005906, 0.4402820699005906, 0.4105917931806109, 0.1899382795422399, 0.006600660066006601], [0.31057465636673554, 0.31057465636673554, 0.31057465636673554, 0.2896293475501396, 0.2896293475501396, 0.2896293475501396, 0.2896293475501396, 0.23011378060883014, 0.15313531353135315, 0.04950495049504951], [0.14441086965839442, 0.14441086965839442, 0.14441086965839442, 0.14441086965839442, 0.14441086965839442, 0.14441086965839442, 0.1252839569671253, 0.1252839569671253, 0.04431871758604432, 0.0033003300330033004], [0.3408632003134548, 0.3394487731564534, 0.3394487731564534, 0.3394487731564534, 0.3394487731564534, 0.3394487731564534, 0.30353010182275075, 0.2627227903645315, 0.2445274450718729, 0.024752475247524754], [0.5287480009753055, 0.5287480009753055, 0.513449747646948, 0.513449747646948, 0.49733591500932883, 0.49733591500932883, 0.4791645588761277, 0.4314292641579402, 0.3365461970375192, 0.05520654852941741], [0.48712639189111556, 0.48712639189111556, 0.48712639189111556, 0.48712639189111556, 0.48712639189111556, 0.48712639189111556, 0.39466717715816124, 0.39466717715816124, 0.2793503130141366, 0.06727272562842693]]",0.3879392025641037,0.397810809080581,0.3847663353243741,0.3400558760305938,201,0.6176553517069994,0.7607332939190576,0.08254880715872542
424020927,5,0.4340076816188633,0.3474083508386828,0.7207705150806466,0.4803149606299212,"[0, 1, 2, 3, 5, 6, 7, 8]","[[0.5047879876365708, 0.5047879876365708, 0.5047879876365708, 0.5047879876365708, 0.49282651107966924, 0.4787707050856115, 0.4787707050856115, 0.4787707050856115, 0.3936566288758103, 0.11667166716671667], [0.6788741083546129, 0.6788741083546129, 0.6788741083546129, 0.6788741083546129, 0.6788741083546129, 0.6788741083546129, 0.6613705722867205, 0.5864369974914683, 0.4685679259587239, 0.12219496674942219], [0.4777553597138073, 0.44585013004443014, 0.3667616820147577, 0.3124553930108227, 0.2853347796745626, 0.24060851353825502, 0.24060851353825502, 0.24060851353825502, 0.1815441395272376, 0.0417041704170417], [0.2815888731730316, 0.2815888731730316, 0.2815888731730316, 0.2815888731730316, 0.18786735816438785, 0.15242417098852742, 0.11658022945151658, 0.11063963539211065, 0.06099717114568601, 0.008958038661008957], [0.13595002357378597, 0.13595002357378597, 0.13595002357378597, 0.13595002357378597, 0.13595002357378597, 0.13595002357378597, 0.13595002357378597, 0.13595002357378597, 0.13595002357378597, 0.006600660066006601], [0.4158415841584159, 0.4158415841584159, 0.4158415841584159, 0.4158415841584159, 0.4158415841584159, 0.4158415841584159, 0.4158415841584159, 0.39603960396039606, 0.3257614691656625, 0.032226752086973405], [0.4821109825761852, 0.4821109825761852, 0.4821109825761852, 0.4821109825761852, 0.4821109825761852, 0.4339679220022843, 0.4339679220022843, 0.36025386152060584, 0.21225408255111222, 0.007920792079207921], [0.495152533764496, 0.495152533764496, 0.495152533764496, 0.495152533764496, 0.495152533764496, 0.4757696621975825, 0.4757696621975825, 0.41560436492712194, 0.22037186098016415, 0.007913291329132913]]",0.4008827362201533,0.4100463722392393,0.4006713147971459,0.3538695643569719,201,0.8319375335626245,0.8073356287052059,0.1243595591532612
424021004,6,0.4141238753667792,0.3390607753166121,0.7231024144000782,0.4858611825192802,"[0, 1, 2, 3, 5, 6, 7, 8]","[[0.6670692180531028, 0.6670692180531028, 0.6670692180531028, 0.6670692180531028, 0.6670692180531028, 0.6670692180531028, 0.6670692180531028, 0.6340748063753423, 0.5610503311572014, 0.19673924208615207], [0.6090563564428999, 0.591344150439691, 0.591344150439691, 0.5880939371944622, 0.572738792984389, 0.572738792984389, 0.540364597180399, 0.49614731039393756, 0.37706310961276784, 0.10553849502597319], [0.36343196891276464, 0.36343196891276464, 0.33561241351910515, 0.2687130536730512, 0.26174569027004424, 0.26174569027004424, 0.26174569027004424, 0.26174569027004424, 0.10393946294231368, 0.004054691183404055], [0.28271316142603276, 0.28271316142603276, 0.28271316142603276, 0.28271316142603276, 0.24428506037416928, 0.24428506037416928, 0.24428506037416928, 0.23014078880415514, 0.19764432487204767, 0.0396039603960396], [0.1388731730315889, 0.1388731730315889, 0.1388731730315889, 0.1388731730315889, 0.11577086280056578, 0.11577086280056578, 0.11577086280056578, 0.11577086280056578, 0.11577086280056578, 0.0049504950495049506], [0.4419408852649971, 0.4419408852649971, 0.4419408852649971, 0.4419408852649971, 0.4419408852649971, 0.4419408852649971, 0.32972013183865256, 0.31341261873440096, 0.19866354767344868, 0.05233380480905233], [0.5227853732236232, 0.5227853732236232, 0.5227853732236232, 0.5227853732236232, 0.5227853732236232, 0.505390941472756, 0.48343213661976914, 0.41043516202557817, 0.2356993447720695, 0.029938708156529936], [0.28712086657922414, 0.28712086657922414, 0.28671630999453346, 0.28671630999453346, 0.2562095195798955, 0.2562095195798955, 0.2310082597183129, 0.2310082597183129, 0.11358377596001357, 0.0022304428245022304]]",0.3835330091296891,0.393154540277325,0.3828404874969572,0.3445636031033561,201,0.46260994538814915,0.6937909351740644,0.13084031382287636
424021039,7,0.4239577997824906,0.3408312757532009,0.6861453921678611,0.4636118598382749,"[0, 1, 2, 3, 5, 6, 7, 8]","[[0.6436017091842696, 0.6436017091842696, 0.6436017091842696, 0.6436017091842696, 0.6436017091842696, 0.6436017091842696, 0.6436017091842696, 0.5656385451245197, 0.5299455104122435, 0.2586041583779376], [0.5578541677697182, 0.5578541677697182, 0.5578541677697182, 0.5578541677697182, 0.5578541677697182, 0.5578541677697182, 0.5132932831098236, 0.47251920570208283, 0.2477899575671853, 0.03787128712871287], [0.3759503071434771, 0.28096043624995926, 0.28096043624995926, 0.28096043624995926, 0.25723049150000865, 0.25723049150000865, 0.25723049150000865, 0.19374176073069493, 0.0994098695583844, 0.0028288543140028285], [0.3942189840982237, 0.3942189840982237, 0.3714782610606976, 0.35057045241074514, 0.21273521403740947, 0.18472599409964885, 0.18472599409964885, 0.16187246651086512, 0.12713570329799345, 0.04446504851154012], [0.14067656765676567, 0.14067656765676567, 0.14067656765676567, 0.14067656765676567, 0.14067656765676567, 0.14067656765676567, 0.14067656765676567, 0.14067656765676567, 0.1245874587458746, 0.054455445544554455], [0.5643564356435644, 0.5643564356435644, 0.5643564356435644, 0.5643564356435644, 0.5643564356435644, 0.5643564356435644, 0.5105222519492494, 0.40674263562673846, 0.32496513387602494, 0.08215464403583216], [0.45222179467454315, 0.45222179467454315, 0.45222179467454315, 0.45222179467454315, 0.45222179467454315, 0.45222179467454315, 0.45222179467454315, 0.3622153846335454, 0.18264066352429964, 0.04708863743517209], [0.2627824320893628, 0.2627824320893628, 0.2627824320893628, 0.2627824320893628, 0.2627824320893628, 0.2627824320893628, 0.2627824320893628, 0.23194973343488196, 0.23194973343488196, 0.0]]",0.4037521107517111,0.4121878787498074,0.4051821658593721,0.3570241557060282,201,0.6418521563382428,0.8567517651035153,0.017144256012307478
424021114,8,0.3819017754463799,0.2987552807984386,0.6617883379247016,0.4444444444444444,"[0, 1, 2, 3, 5, 6, 7, 8]","[[0.5981629392013048, 0.5981629392013048, 0.5981629392013048, 0.5981629392013048, 0.5981629392013048, 0.5981629392013048, 0.5727520257721783, 0.50107049041465, 0.24746388094710614, 0.009155201234409155], [0.6281490990246208, 0.6281490990246208, 0.6281490990246208, 0.6281490990246208, 0.6281490990246208, 0.6281490990246208, 0.6142121016097088, 0.5438968576226689, 0.16037289724018194, 0.06427216251036869], [0.45893916818229097, 0.38084418786653107, 0.3326659875605899, 0.2814314758901153, 0.2814314758901153, 0.266330450249326, 0.2404890181798518, 0.22788285741016495, 0.08014491925383015, 0.004361150400754361], [0.22743839033649904, 0.22743839033649904, 0.22743839033649904, 0.20856253879734246, 0.20856253879734246, 0.17583739075094867, 0.1595113913800117, 0.1290965673303288, 0.1014969918044436, 0.00825082508250825], [0.1273927392739274, 0.1273927392739274, 0.1273927392739274, 0.1273927392739274, 0.1273927392739274, 0.1273927392739274, 0.1273927392739274, 0.1273927392739274, 0.1273927392739274, 0.0049504950495049506], [0.453882230328296, 0.453882230328296, 0.453882230328296, 0.453882230328296, 0.453882230328296, 0.453882230328296, 0.453882230328296, 0.40292887243849757, 0.24895187320929896, 0.07165705581547166], [0.4787413863990182, 0.4787413863990182, 0.4787413863990182, 0.4787413863990182, 0.4787413863990182, 0.4787413863990182, 0.39215299119513447, 0.37366117640037966, 0.17903688104355453, 0.03203261502620851], [0.08250825082508251, 0.08250825082508251, 0.08250825082508251, 0.08250825082508251, 0.08250825082508251, 0.08250825082508251, 0.08250825082508251, 0.08250825082508251, 0.0363036303630363, 0.0033003300330033004]]",0.3712297069403558,0.3918965435715017,0.372665368154461,0.3222625883251002,201,0.11139860641222854,0.4871127079134697,0.0022527605777741496
424021150,9,0.3804096094530422,0.2994273796272347,0.6801504604152909,0.42,"[0, 1, 2, 3, 5, 6, 7, 8]","[[0.6714896958544007, 0.6714896958544007, 0.6714896958544007, 0.6714896958544007, 0.6714896958544007, 0.6714896958544007, 0.6714896958544007, 0.65538719641157, 0.43533484519366283, 0.02947666195190948], [0.46000689370473724, 0.46000689370473724, 0.46000689370473724, 0.46000689370473724, 0.4445365966750343, 0.34798995006757544, 0.3195715379964372, 0.2845453026010535, 0.10434867016113375, 0.0], [0.5172936637463692, 0.5010920435843531, 0.5010920435843531, 0.45136585545691954, 0.40075469980047496, 0.36306492556788705, 0.34794595399331024, 0.3012836033629794, 0.13543674152610258, 0.02627167478652627], [0.4214198189798227, 0.4214198189798227, 0.4214198189798227, 0.4214198189798227, 0.3096378206867739, 0.2848452885298056, 0.2848452885298056, 0.25019731381500687, 0.21697135657838232, 0.04158415841584158], [0.1623055162659123, 0.1623055162659123, 0.1623055162659123, 0.1623055162659123, 0.1623055162659123, 0.1623055162659123, 0.1623055162659123, 0.1623055162659123, 0.1623055162659123, 0.0594059405940594], [0.27722772277227725, 0.27722772277227725, 0.27722772277227725, 0.27722772277227725, 0.27722772277227725, 0.27722772277227725, 0.27722772277227725, 0.24452695269526953, 0.12026095466689526, 0.0033003300330033004], [0.5038305940037888, 0.5038305940037888, 0.5038305940037888, 0.5038305940037888, 0.4930506427692288, 0.481335508730674, 0.45770711496782324, 0.39525457885977405, 0.23922636637660313, 0.005022241354570239], [0.0297029702970297, 0.0297029702970297, 0.0297029702970297, 0.0297029702970297, 0.0297029702970297, 0.0297029702970297, 0.0297029702970297, 0.0297029702970297, 0.019801980198019802, 0.0]]",0.3885607883025989,0.4024029054117779,0.3895553105918957,0.3367720800530382,201,0.11048781107794252,0.19007664431506316,0.010423403357308816
424020207,10,0.4266180987755635,0.3462600402124161,0.7543146073630436,0.4627659574468085,"[0, 1, 2, 3, 5, 6, 7, 8]","[[0.545696226644512, 0.545696226644512, 0.545696226644512, 0.545696226644512, 0.545696226644512, 0.545696226644512, 0.545696226644512, 0.4839476552468592, 0.29943393073592917, 0.14946466402954156], [0.7854385737351761, 0.7854385737351761, 0.7854385737351761, 0.7854385737351761, 0.7590638058571921, 0.7159037387991911, 0.6809714559323203, 0.5647893390645086, 0.3804221056753161, 0.09580386610089581], [0.3640517897943641, 0.3101864307309852, 0.3101864307309852, 0.3101864307309852, 0.3101864307309852, 0.3101864307309852, 0.2662220617666162, 0.19342019366771843, 0.0527037319116527, 0.0], [0.2547073938163047, 0.2547073938163047, 0.2547073938163047, 0.2547073938163047, 0.2547073938163047, 0.2547073938163047, 0.23503234938878503, 0.1994907183025995, 0.15310992637725312, 0.0297029702970297], [0.06765676567656766, 0.06765676567656766, 0.06765676567656766, 0.06765676567656766, 0.06765676567656766, 0.06765676567656766, 0.06765676567656766, 0.06765676567656766, 0.04950495049504951, 0.0], [0.504950495049505, 0.504950495049505, 0.504950495049505, 0.504950495049505, 0.504950495049505, 0.46249796887115646, 0.43564430219091044, 0.36977486303728524, 0.33386961837748097, 0.079596194913609], [0.5307211955441058, 0.5307211955441058, 0.5307211955441058, 0.5307211955441058, 0.5130317110784179, 0.5130317110784179, 0.5130317110784179, 0.40564031668462186, 0.3291050962415124, 0.02508250825082508], [0.35972234994397273, 0.35972234994397273, 0.35972234994397273, 0.35972234994397273, 0.35972234994397273, 0.35972234994397273, 0.3351988007292547, 0.25207656767445874, 0.07050254782223025, 0.0016501650165016502]]",0.4113153970152049,0.417736430246774,0.4110874483198401,0.3579821931671629,201,0.692968755494398,0.8414870667158301,0.48438167609823335
424020244,11,0.3909603101130201,0.307441979823,0.7106264970664705,0.4252577319587629,"[0, 1, 2, 3, 5, 6, 7, 8]","[[0.4077087127659087, 0.4077087127659087, 0.4077087127659087, 0.4077087127659087, 0.3899706309201973, 0.369573663280056, 0.369573663280056, 0.31290184572533036, 0.23199691789687688, 0.08535068419122614], [0.5672857708034735, 0.5672857708034735, 0.5672857708034735, 0.5483860034682495, 0.5483860034682495, 0.5483860034682495, 0.5166295745270152, 0.4496782235760379, 0.3291240113022291, 0.14828625719714827], [0.3915246443842833, 0.3642265273715477, 0.3232193471447985, 0.29290246671725995, 0.29290246671725995, 0.29290246671725995, 0.268166144345527, 0.25212968355659093, 0.13257897218293258, 0.0], [0.25742574257425743, 0.23559641678453558, 0.23559641678453558, 0.23559641678453558, 0.12663623505207663, 0.12663623505207663, 0.10428900032860429, 0.09334862057634336, 0.09334862057634336, 0.050825082508250824], [0.0297029702970297, 0.0297029702970297, 0.0297029702970297, 0.0297029702970297, 0.0297029702970297, 0.0297029702970297, 0.0297029702970297, 0.0297029702970297, 0.0297029702970297, 0.0], [0.4752475247524753, 0.4752475247524753, 0.4752475247524753, 0.4752475247524753, 0.4752475247524753, 0.4316813991189432, 0.39968742424203296, 0.3569878172850003, 0.23019007230223243, 0.02531824611032532], [0.5483182963050273, 0.5483182963050273, 0.5483182963050273, 0.5483182963050273, 0.5483182963050273, 0.5483182963050273, 0.5483182963050273, 0.4046286822591088, 0.1587524945569217, 0.024489314171440277], [0.45046881902170577, 0.45046881902170577, 0.45046881902170577, 0.45046881902170577, 0.45046881902170577, 0.4254667337667962, 0.4254667337667962, 0.3446531069090306, 0.2663126755638174, 0.016800008174192034]]",0.3939853177954802,0.4044481883352188,0.3910782930174552,0.343909403403763,201,0.18610038470985177,0.24337411387016028,0.07188664342248605
424020320,12,0.4033009519897234,0.324676508479172,0.7331725021936994,0.4684210526315789,"[0, 1, 2, 3, 5, 6, 7, 8]","[[0.5483506046388771, 0.4973883464480827, 0.4973883464480827, 0.4973883464480827, 0.4973883464480827, 0.48730696959866815, 0.48730696959866815, 0.4130667838611605, 0.3884041845372706, 0.17640676647622117], [0.6316664776436509, 0.6316664776436509, 0.6316664776436509, 0.6316664776436509, 0.6316664776436509, 0.6316664776436509, 0.615904875774203, 0.6051319629758833, 0.4650264325318145, 0.13522998355272628], [0.3535573272480516, 0.3535573272480516, 0.25757692021371026, 0.20128143091926315, 0.20128143091926315, 0.1572812219047237, 0.1572812219047237, 0.12494015885104993, 0.07846806658687847, 0.0], [0.37425742574257426, 0.35106290040768784, 0.35106290040768784, 0.35106290040768784, 0.2865230236662968, 0.2865230236662968, 0.271671538517782, 0.24876896545504584, 0.18835331335331335, 0.14380009429514382], [0.0801980198019802, 0.0801980198019802, 0.0801980198019802, 0.0801980198019802, 0.0801980198019802, 0.0801980198019802, 0.0801980198019802, 0.0801980198019802, 0.04950495049504951, 0.0], [0.5148514851485149, 0.5148514851485149, 0.5148514851485149, 0.5148514851485149, 0.5148514851485149, 0.47419861291746157, 0.4553395841574427, 0.4553395841574427, 0.3521452145214521, 0.061154686897261154], [0.46127776352665706, 0.46127776352665706, 0.46127776352665706, 0.46127776352665706, 0.46127776352665706, 0.46127776352665706, 0.44807542689027846, 0.40695170913608425, 0.23769345189124044, 0.0210130967847916], [0.262248512167481, 0.262248512167481, 0.262248512167481, 0.262248512167481, 0.262248512167481, 0.262248512167481, 0.262248512167481, 0.262248512167481, 0.0634863486348635, 0.027722772277227723]]",0.3968110051243255,0.4137957126023057,0.3976374754792028,0.3468047943167172,201,0.3189191830047268,0.9528631458360126,0.2208822692902726
424020357,13,0.3922917282925676,0.3042459352501062,0.7432823063826935,0.4450261780104712,"[0, 1, 2, 3, 5, 6, 7, 8]","[[0.538112604523841, 0.538112604523841, 0.538112604523841, 0.538112604523841, 0.5242985180386547, 0.49166383844218875, 0.49166383844218875, 0.47138687201992135, 0.42529166714870115, 0.05960461717813573], [0.7611230195074863, 0.7611230195074863, 0.7611230195074863, 0.7611230195074863, 0.7611230195074863, 0.7611230195074863, 0.7348044541295005, 0.6923014078296592, 0.4209910027666892, 0.07795008175953712], [0.25623848099095625, 0.25623848099095625, 0.25623848099095625, 0.25623848099095625, 0.25623848099095625, 0.22961510436757962, 0.22961510436757962, 0.22961510436757962, 0.09825982598259826, 0.0363036303630363], [0.3658847334139439, 0.3658847334139439, 0.35292216864337234, 0.24147885360130256, 0.16901145050906688, 0.14801546042445035, 0.10200606223365907, 0.07180978574508946, 0.024332680520799333, 0.0003808073115003808], [0.12376237623762376, 0.12376237623762376, 0.12376237623762376, 0.12376237623762376, 0.12376237623762376, 0.12376237623762376, 0.12376237623762376, 0.09900990099009901, 0.09900990099009901, 0.006600660066006601], [0.2079207920792079, 0.2079207920792079, 0.2079207920792079, 0.2079207920792079, 0.2079207920792079, 0.2079207920792079, 0.1782178217821782, 0.1782178217821782, 0.12871287128712872, 0.041584158415841586], [0.48560057630225517, 0.48560057630225517, 0.48560057630225517, 0.48560057630225517, 0.48560057630225517, 0.48560057630225517, 0.48560057630225517, 0.40913671551101594, 0.21468646864686472, 0.012871287128712872], [0.39969124328522704, 0.39969124328522704, 0.39969124328522704, 0.25869172591432166, 0.20067793954995788, 0.20067793954995788, 0.20067793954995788, 0.1893254506144284, 0.13581250982241083, 0.018151815181518153]]",0.3889852324198257,0.3985722775789846,0.3898650423082181,0.3393631565637005,201,0.1970380049304618,0.5066164989164619,0.32031605543306113
424020435,14,0.4245306140184731,0.3406675165522563,0.7923651359928983,0.4566929133858268,"[0, 1, 2, 3, 5, 6, 7, 8]","[[0.5499126012490552, 0.5499126012490552, 0.5499126012490552, 0.5499126012490552, 0.5499126012490552, 0.5499126012490552, 0.5309061251745029, 0.4791837470543378, 0.39414734436682475, 0.13289796644991497], [0.7111327021666638, 0.7111327021666638, 0.7111327021666638, 0.7111327021666638, 0.6758799334233796, 0.6758799334233796, 0.6758799334233796, 0.560623764759806, 0.3078575356094284, 0.0201004715856201], [0.38514851485148516, 0.38514851485148516, 0.38514851485148516, 0.3436612261743304, 0.3021739374971757, 0.14304497030181362, 0.14304497030181362, 0.12658861878430896, 0.08605471406869195, 0.02080922377952081], [0.28163330069270665, 0.28163330069270665, 0.28163330069270665, 0.28163330069270665, 0.28163330069270665, 0.21237794109081237, 0.21237794109081237, 0.19397860115681897, 0.09701898761304702, 0.012661266126612662], [0.1897792526505398, 0.1897792526505398, 0.1897792526505398, 0.1897792526505398, 0.1897792526505398, 0.1897792526505398, 0.10628332063975628, 0.10628332063975628, 0.08325294067868325, 0.0049504950495049506], [0.4239815285876414, 0.4239815285876414, 0.4239815285876414, 0.4239815285876414, 0.4239815285876414, 0.4239815285876414, 0.4239815285876414, 0.2897530935296036, 0.22219581251006132, 0.06374351720886375], [0.44660140269400983, 0.44660140269400983, 0.44660140269400983, 0.44660140269400983, 0.44660140269400983, 0.44660140269400983, 0.44660140269400983, 0.43063206382463903, 0.20186204671802416, 0.027742623886448797], [0.40805560925568285, 0.40805560925568285, 0.40805560925568285, 0.40805560925568285, 0.40805560925568285, 0.40805560925568285, 0.40805560925568285, 0.40805560925568285, 0.12314940472375412, 0.041584158415841586]]",0.3871976648081446,0.4013291744445664,0.3896293540804892,0.3329730396539376,201,0.6456793817680928,0.7161495771071719,0.8096186735679852
424020514,15,0.4254295826882228,0.3529493538027012,0.7741943678825032,0.4699738903394256,"[0, 1, 2, 3, 5, 6, 7, 8]","[[0.5268006964407752, 0.5268006964407752, 0.5268006964407752, 0.5268006964407752, 0.5268006964407752, 0.5268006964407752, 0.5170219407874321, 0.45753906694018864, 0.3445752029613328, 0.11504468555391494], [0.7860196395558401, 0.7860196395558401, 0.7860196395558401, 0.7700059667599889, 0.7700059667599889, 0.7700059667599889, 0.7565689087684755, 0.7353148110142627, 0.6069688587886207, 0.23175596307132607], [0.34536983110075714, 0.32440302853814795, 0.32440302853814795, 0.32440302853814795, 0.32440302853814795, 0.32440302853814795, 0.3020217988185373, 0.3020217988185373, 0.15310480627894724, 0.0056299747621821], [0.396011029674396, 0.396011029674396, 0.3554141128398554, 0.3554141128398554, 0.3554141128398554, 0.3024600262224024, 0.19868920958029868, 0.19868920958029868, 0.15608472935205608, 0.0712955910975713], [0.06930693069306931, 0.06930693069306931, 0.06930693069306931, 0.06930693069306931, 0.06930693069306931, 0.06930693069306931, 0.06930693069306931, 0.06930693069306931, 0.06930693069306931, 0.009900990099009901], [0.31670276917801665, 0.31670276917801665, 0.31670276917801665, 0.31670276917801665, 0.31670276917801665, 0.2983152161369983, 0.2983152161369983, 0.20567040220505567, 0.12226634751387226, 0.0594059405940594], [0.5459879313677892, 0.5459879313677892, 0.5459879313677892, 0.5459879313677892, 0.5459879313677892, 0.5459879313677892, 0.5459879313677892, 0.43936252762764477, 0.12982396152328707, 0.004675467546754675], [0.41723783349513877, 0.41723783349513877, 0.41723783349513877, 0.41723783349513877, 0.41723783349513877, 0.41723783349513877, 0.41723783349513877, 0.33260947068560587, 0.2687284662532188, 0.0077007700770077]]",0.3907786985959489,0.4000440830063453,0.3924613112441473,0.3416312214159691,201,0.6635708050085662,0.9844114560929444,0.8293980637522969
424020551,16,0.3658648667835631,0.2928938404564563,0.7275662418077278,0.4116161616161616,"[0, 1, 2, 3, 5, 6, 7, 8]","[[0.49380355151672484, 0.49380355151672484, 0.48468933169310324, 0.48468933169310324, 0.48468933169310324, 0.48468933169310324, 0.45104526997016997, 0.4194773510198656, 0.31220674084342614, 0.19697532442829724], [0.5233095972552814, 0.501136599643697, 0.501136599643697, 0.501136599643697, 0.501136599643697, 0.47875558660919376, 0.4527209628518246, 0.4249241369347062, 0.3442212330476745, 0.1343927670077932], [0.25274140051367777, 0.20680716423290682, 0.16018156760731017, 0.16018156760731017, 0.16018156760731017, 0.16018156760731017, 0.16018156760731017, 0.14505807723629505, 0.0930893089308931, 0.0], [0.26143328618576145, 0.26143328618576145, 0.26143328618576145, 0.26143328618576145, 0.26143328618576145, 0.26143328618576145, 0.21018387553041018, 0.16753889674681754, 0.049269212635549266, 0.019801980198019802], [0.06892975011786893, 0.06892975011786893, 0.06892975011786893, 0.05478547854785479, 0.05478547854785479, 0.05478547854785479, 0.05478547854785479, 0.05478547854785479, 0.0297029702970297, 0.0], [0.38613861386138615, 0.38613861386138615, 0.38613861386138615, 0.38613861386138615, 0.38613861386138615, 0.38613861386138615, 0.27663150930477665, 0.2642867033956143, 0.09114834560379115, 0.039603960396039604], [0.5193307339341734, 0.5193307339341734, 0.5193307339341734, 0.5193307339341734, 0.5193307339341734, 0.5193307339341734, 0.5005454498330079, 0.44541003769547005, 0.20918746295177001, 0.0007072135785007071], [0.4212320008836312, 0.4212320008836312, 0.4212320008836312, 0.4212320008836312, 0.4212320008836312, 0.4212320008836312, 0.4212320008836312, 0.3575924706458646, 0.1715971072384059, 0.0]]",0.3816892884600609,0.3907760594267882,0.3814207058316533,0.3307357050670643,201,0.04660800999669955,0.1235832624992364,0.16084534754874052
424020625,17,0.3576791745107218,0.2989985304430754,0.712407401707297,0.4274809160305343,"[0, 1, 2, 3, 5, 6, 7, 8]","[[0.30942288718978317, 0.30942288718978317, 0.30942288718978317, 0.30942288718978317, 0.30942288718978317, 0.30942288718978317, 0.30144328738648485, 0.2753419468856586, 0.16642194444437666, 0.11323182738441911], [0.631540300982951, 0.631540300982951, 0.631540300982951, 0.631540300982951, 0.631540300982951, 0.6232881448643892, 0.6232881448643892, 0.5293876244107509, 0.5059116849496264, 0.24318424805657737], [0.28224639418658976, 0.28224639418658976, 0.28224639418658976, 0.28224639418658976, 0.28224639418658976, 0.2588796118920571, 0.2588796118920571, 0.2588796118920571, 0.16486774183491223, 0.0039603960396039604], [0.2045851013672796, 0.2045851013672796, 0.2045851013672796, 0.2045851013672796, 0.15424328147100425, 0.12722772277227723, 0.06138613861386139, 0.048514851485148516, 0.030693069306930693, 0.009900990099009901], [0.16314972156556315, 0.16314972156556315, 0.16314972156556315, 0.16314972156556315, 0.16314972156556315, 0.16314972156556315, 0.1440854525012941, 0.1440854525012941, 0.1440854525012941, 0.04356435643564356], [0.36633663366336633, 0.36633663366336633, 0.36633663366336633, 0.36633663366336633, 0.36633663366336633, 0.36633663366336633, 0.36633663366336633, 0.25864028710563364, 0.1502771430989253, 0.09257425742574257], [0.4653580128718901, 0.4653580128718901, 0.4653580128718901, 0.4653580128718901, 0.4456451697927104, 0.4456451697927104, 0.4456451697927104, 0.401807498794154, 0.1738758765986489, 0.0006600660066006601], [0.43879434425835195, 0.43879434425835195, 0.43879434425835195, 0.43879434425835195, 0.43879434425835195, 0.4105857612170284, 0.4105857612170284, 0.3804296207826029, 0.21138945657818067, 0.014898860486462728]]",0.3865489863703493,0.3939302457088781,0.3873015846163353,0.3317903078339785,201,0.028888156800911016,0.2625589417892207,0.07525734872978171
424020658,18,0.3352835513151716,0.2713514193254046,0.5718212702731523,0.4020356234096692,"[0, 1, 2, 3, 5, 6, 7, 8]","[[0.5889510685679865, 0.5889510685679865, 0.5889510685679865, 0.5889510685679865, 0.5889510685679865, 0.5889510685679865, 0.5889510685679865, 0.5566258767473553, 0.4862711995817558, 0.0627062706270627], [0.6283212442634072, 0.6283212442634072, 0.6283212442634072, 0.6283212442634072, 0.6283212442634072, 0.5926730047639108, 0.5926730047639108, 0.5215003618461974, 0.21833567810562568, 0.034103410341034104], [0.26460639650873535, 0.23819230109654044, 0.17994999743229517, 0.17994999743229517, 0.17994999743229517, 0.17994999743229517, 0.17994999743229517, 0.1581563640663049, 0.09237544939810213, 0.008303519427573009], [0.3242318144480729, 0.3242318144480729, 0.2896778197195081, 0.2896778197195081, 0.2896778197195081, 0.2896778197195081, 0.2648724314305346, 0.22356441543518146, 0.18889426536638626, 0.03052805280528053], [0.2529698815180384, 0.2529698815180384, 0.2529698815180384, 0.23840251173758206, 0.23840251173758206, 0.23840251173758206, 0.21967367644803806, 0.1513056950576492, 0.07546360188361231, 0.019628278617335418], [0.2911310830501279, 0.2911310830501279, 0.2911310830501279, 0.2911310830501279, 0.2911310830501279, 0.2911310830501279, 0.2911310830501279, 0.2593410827831329, 0.15907267197307967, 0.007590759075907591], [0.3320569221650047, 0.3320569221650047, 0.3320569221650047, 0.3320569221650047, 0.3320569221650047, 0.3320569221650047, 0.3194608531626482, 0.3052587897180366, 0.17525592725096653, 0.006115317414094351], [0.0, 0.0, 0.0, 0.0, 0.0, 0.0, 0.0, 0.0, 0.0, 0.0]]",0.3822886636860087,0.3936655401712049,0.3793093240890292,0.3257616607668306,201,0.005329581712184725,0.07391133957584912,1.4908478276081833e-07
